{"cameraMode":{"drawMode":0,"name":"Shaded","section":"Shading Mode"},"sceneLighting":true,"audioPlay":false,"sceneViewState":{"showFog":true,"showMaterialUpdate":false,"showSkybox":true,"showFlares":true,"showImageEffects":true,"showParticleSystems":true},"in2DMode":false,"pivot":{"x":0.7070626020431519,"y":-2.71886944770813,"z":9.72573184967041},"rotation":{"x":-0.16454966366291047,"y":-0.009767395444214344,"z":0.00162943871691823,"w":-0.9863191246986389},"size":10.0,"orthographic":false}